연번,지정일자,업종,업소명,업주명,구군,주소,연락처,대표메뉴1,대표메뉴2,대표메뉴1 가격,대표메뉴2 가격,변동사항,비 고
1,1905-07,이미용업,현대이용소,이수길,중구,동덕로36길 60,053-423-1473,컷트일반,,8000,,변동없음,
2,1905-07,한식,춘사김밥,이춘자,중구,중앙대로 282,053-423-7827,참치김밥,,1200,,변동없음,
3,1905-07,이미용업,영생이용소,김상국,중구,이천로 184-8,053-425-9732,커트,,8000,,변동없음,
4,1905-07,한식,마산설렁탕,조웅제,중구,경상감영1길 41,053-254-4317,설렁탕,,9000,,변동없음,
5,1905-07,중식,용궁각,김희경,중구,경상감영길 117-7,053-255-7200,자장면,,3500,,변동없음,
6,1905-07,중식,중해반점,우려원,중구,명륜로 63,053-255-8555,자장면,,4000,,변동없음,
7,1905-07,중식,만리향반점,전은숙,중구,명덕로35길 112,053-255-9380,자장면,,4000,,변동없음,
8,1905-07,이미용업,은혜이용소,성기환,중구,명륜로 97,053-427-2021,학생커트,,7000,,변동없음,
9,1905-07,한식,와촌손칼국시,이동훈,중구,관덕정길 17-3,053-252-5712,손칼국수,,5000,,변동없음,
10,1905-07,한식,찌개랑 백반,김영숙,중구,달구벌대로 지하 2160,053-254-2555,정식,,4000,,변동없음,
11,1905-07,한식,한우장,김여옥,중구,국채보상로 567,053-257-1125,설렁탕,,8000,,변동없음,
12,1905-07,한식,단아정,권기화,중구,동덕로 177,053-256-9292,삼계탕,,10000,,변동없음,
13,1905-07,한식,엄마손칼국수,정현권,중구,공평로20길 11-4,053-422-3638,칼국수,,5000,,변동없음,
14,1905-07,한식,대영숯불갈비,이인자,중구,공평로20길 51-19,053-424-2228,돼지찌개,,6000,,변동없음,
15,1905-07,한식,옛날국수,공희영,중구,중앙대로 439,053-256-1221,잔치국수,,2000,,변동없음,
16,1905-07,중식,장성루,장경숙,중구,국채보상로139길 10,053-425-4303,짬뽕,,4500,,변동없음,
17,1905-07,한식,누렁소식당,김희철,중구,국채보상로131길 24,053-422-8327,삼겹살,,8000,,변동없음,
18,1905-07,한식,명가,정경옥,중구,달구벌대로 지하 2100(106),053-252-9743,비빔밥,,4500,,변동없음,
19,1905-07,한식,우리할매칼국수,신현순,중구,남산로7길 44,053-255-8802,칼국수,,3500,,변동없음,
20,1905-07,중식,만리궁성,김일주,중구,남산로4길 62,053-257-6166,짜장면,,4000,,변동없음,
21,1905-07,한식,특별한돼지국밥,황미량,중구,국채보상로140길 35,053-425-5243,돼지국밥,,6000,,변동없음,
22,1905-07,한식,일석이조,정미영,중구,재마루길 19,053-254-8880,주물럭,,7000,,변동없음,
23,1905-07,분식,제일분식,이귀옥,중구,남산로2길 26,053-256-6630,김밥,,1500,,변동없음,
24,1905-07,이미용업,정안이용소,문동식,중구,공평로 71,053-424-3974,이발,,4000,,변동없음,
25,1905-07,한식,장터국수,김진형,중구,경상감영1길 13,053-253-0766,칼국수,,4000,,변동없음,
26,1905-07,중식,낙동강반점,김명순,중구,서성로14길 115,053-252-7866,짜장면,,3000,,변동없음,
27,1905-07,한식,문경닭곰탕,김옥,중구,경상감영길 117-7,053-431-9998,닭곰탕,,5000,,변동없음,
28,1905-07,한식,장셰프한식전통중화요리,권숙자,중구,경상감영길 117-7,053-214-0706,짜장면,,3000,,변동없음,
29,1905-07,한식,한양뚝배기감자탕,박영희,중구,국채보상로 140길 28,053-424-7161,갈비탕,,7000,,변동없음,
30,1905-07,중식,천선루,김정훈,중구,대봉로 261-1,053-422-4222,짜장면,,4000,,변동없음,
31,1905-07,한식,마늘칼국수,권정분,중구,공평로20길 5-6,053-425-0584,칼국수,,5000,,변동없음,
32,2011-11,한식,고두밭숯불촌,우병길,동구,큰고개로 24(신암동),053-956-1442,돼지갈비 (미국산) 200g,,6000,,변동없음,
33,2011-11,한식,대구삼계탕,이영자,동구,대현로 118-7(신암동),053-955-7848,삼계탕,,10000,,변동없음,
34,2011-11,한식,두곡동숯불갈비,김복태,동구,아양로49길 6(신암동),053-942-8495,돼지왕갈비(국내산)200g,,8000,,변동없음,
35,2011-11,중식,영남루반점,김경숙,동구,해동로 18(지저동),053-981-9881,자장면,,3000,,변동없음,
36,2011-11,한식,유정갈비,서정오,동구,아양로 6(신암동),053-943-6616,왕갈비(국내산)200g,,7000,,변동없음,
37,2011-11,한식,태종대,전태연,동구,팔공로24길 19-10(불로동),053-983-3477,삼겹살(국내산)140g,,7000,,변동없음,
38,2011-11,한식,팔공식당,김영순,동구,송라로32길 5(신암동),053-941-1289,돌솥비빔밭,,6000,,변동없음,
39,2011-11,한식,흥부고을숯불갈비,신승탁,동구,동촌로 80-14(검사동),053-986-0092,"돼지갈비(독일,칠레산)250g",,7000,,변동없음,
40,2012-06,한식,고향손칼국수,이명희,동구,장등로 35(신천동),053-752-8894,잔치국수,,5000,,변동없음,
41,2012-06,세탁업,무한세탁소,방명희,동구,동호로2길 3(동호동),053-961-8250,정장1벌,,6000,,변동없음,
42,2012-06,한식,미진손칼국수,정유나,동구,아양로50길 119-1(효목동),053-941-4664,손칼국수,,5000,,변동없음,
43,2012-06,한식,이가숯불갈비,김영숙,동구,아양로 37-4(신암동),053-958-7353,"돼지갈비(국내산,미국산)200g",,6000,,변동없음,
44,2012-06,한식,이고집숯불촌,정소영,동구,동촌로 380(용계동),053-985-2393,목전지양념구이(미국산)180g,,5000,,변동없음,
45,2012-06,한식,장터불고기,박태자,동구,동대구로 570(신암동),053-958-3000,된장찌개,,5000,,변동없음,
46,2012-06,한식,큰집삼계탕,김덕규,동구,효목로1길 21(효목동),053-743-1532,들깨삼계탕,,12000,,변동없음,
47,2012-06,한식,통큰갈비,손정옥,동구,해동로 169(검사동),053-982-1080,생삼겹살(국내산)130g,,7000,,변동없음,
48,2013-05,한식,강변복어,황복순,동구,호반길67(방촌동),053-982-7252,복어탕,,7000,,변동없음,
49,2013-05,한식,거송복어,황현옥,동구,동촌로 263(방촌동),053-984-6755,복매운탕,,8000,,변동없음,
50,2013-05,한식,광명한우식육식당,배규호,동구,아양로34길 18(신암동),053-953-9433,삼겹살(국내산)120g,,7000,,변동없음,
51,2013-05,한식,다모아식당,이옥수,동구,파계로 54(지묘동),053-986-2929,해물칼국수,,4000,,변동없음,
52,2013-05,한식,방촌식육식당,이치난,동구,해동로 244-1(검사동),053-981-5511,돼지찌개,,6000,,변동없음,
53,2013-05,한식,시장냉면,김경희,동구,팔공로30길 10-3(불로동),053-981-4044,얼큰냉면,,5000,,변동없음,
54,2013-05,일식,정동진,최미영,동구,동촌로 31(입석동),053-982-0890,회덮밥,,10000,,변동없음,
55,2013-12,한식,대청봉,김종원,동구,아양로 206-1(효목동),053-941-6540,삼계탕,,10000,,변동없음,
56,2013-12,한식,청도추어탕,곽철순,동구,아양로 37길 7(신암동),053-959-9964,추어탕,,7000,,변동없음,
57,2013-12,한식,희망나눔장수 잔치국수,최현정,동구,동부로 32길 128(신천동),053-269-8045,잔치국수,,4000,,변동없음,
58,2014-09,한식,소반,엄복영,동구,장등로 85-1(신천동),053-752-1269,정식,,5500,,변동없음,
59,2018-07,한식,면사랑칼국수,김규태,동구,"효동로 126, 2층(효목동)",053-954-2001,칼국수,,6000,,변동없음,
60,2019-11,미용업,헐리우드 헤어,이정숙,동구,동부로 162(신천동),,헤어컷(남성),,4000,,변동없음,
61,2019-11,한식,부산복해물칼국수,신무성,동구,팔공로28길 8-10(불로동),053-959-2830,복어탕,,7000,,변동없음,
62,1905-07,한식,금성숯불식당,김진철,서구,팔달로186-1,053-354-8216,불고기,,10000,,변동없음,
63,1905-07,이미용업,혜인미용실,배덕순,서구,고성로17,053-353-5526,퍼머,,20000,,변동없음,
64,1905-07,한식,갈비세상,이규근,서구,달서로179,053-551-9339,돼지갈비(200g),,7000,,변동없음,
65,1905-07,목욕업,봉천사우나,김지호,서구,달서로25길8,053-565-3829,목욕료,,5000,,변동없음,
66,1905-07,중식,덕성반점,채정환,서구,문화로49길5-1,053-555-6623,자장면,,2500,,변동없음,
67,1905-07,한식,쌍둥이정갈비,장선영,서구,국채보상로195,053-552-9716,돼지갈비(160g),,6000,,변동없음,
68,1905-07,이미용업,아란미용실,강순분,서구,통학로13길15,053-557-0890,퍼머,,25000,,변동없음,
69,1905-07,이미용업,성화미용실,김윤자,서구,달서로17길17  105호,053-561-0174,퍼머,,25000,,변동없음,
70,1905-07,중식,금성각,황명자,서구,당산로47길69일신a상가105,053-562-8877,자장면,,3000,,변동없음,
71,1905-07,한식,이모김밥,김병양,서구,달서로136-1,053-555-8807,된장찌개,,5000,,변동없음,
72,1905-07,한식,초원식당,김경순,서구,문화로47길6,053-521-3780,칼국수,,4000,,변동없음,
73,1905-07,한식,소백산식당,허영자,서구,북비산로160,053-553-2421,삼겹살(120g),,8000,,변동없음,
74,1905-07,중식,동화성,박희숙,서구,서대구로168,053-557-2525,자장면,,3500,,변동없음,
75,1905-07,이미용업,킴스미용실,김숙희,서구,국채보상로45길3,053-567-4046,커트,,8000,,변동없음,
76,1905-07,이미용업,소라미용실,권복남,서구,평리로83길5-1,053-551-2434,퍼머,,10000,,변동없음,
77,1905-07,이미용업,다모아헤어샾,김정희,서구,국채보상로56길16-17,,커트,,7000,,변동없음,
78,2018-04,이미용업,현대이용소,최용섭,서구,달서천로61길13 (비산동),,커트,,3000,,변동없음,
79,2011-11,중식,낙양성,우권택,남구,명덕로 40길 97-4,053-653-6815,자장면,,4000,,변동없음,
80,2011-11,한식,수목식당,김민자,남구,봉덕로 115,053-473-7085,칼국수,동태탕,5000,6000,변동없음,
81,2012-05,한식,할매가마솥국밥,배옥순,남구,이천로 48,053-475-2375,돼지국밥,,5000,,변동없음,
82,2012-05,한식,화신불고기,조정문,남구,봉덕로13길 17-1,053-473-6686,옛날불고기,갈비탕,7000,6000,변동없음,
83,2012-06,일식,더스시,서정욱,남구,명덕로40길 89-1,053-656-2935,등심돈까스,유부우동,7000,4000,변동없음,
84,2012-06,한식,뒤뜨레,김태숙,남구,명덕로40길 116,053-654-7759,수제돈까스,,6000,,변동없음,
85,2012-06,한식,미스돈생삼겹살,엄영희,남구,두류공원로 118,053-651-3301,생삼겹살(150g),,9000,,변동없음,
86,2012-06,한식,영선식당,강명구,남구,중앙대로48길 16-4,053-473-3323,청국장,,5000,,변동없음,
87,2012-06,한식,하하생막창뒷고기,이혜경,남구,명덕시장길 79,053-622-8141,생삼겹(150g),,7000,,변동없음,
88,2013-05,양식,도누한,안영례,남구,효성로 39,053-474-7988,돈까스컵밥,돈까스,3900,6000,변동없음,
89,2013-05,한식,오가철판닭갈비앤부대찌게,김영숙,남구,명덕로40길115-3,053-622-4018,돈까스,제육덮밥,5000,5000,변동없음,
90,2013-05,양식,지구인,김순란,남구,명덕로40길97-1,053-657-0535,돈까스,,6000,,변동없음,
91,2013-05,한식,청도할머니김밥,노옥분,남구,중앙대로22길173-2,053-202-4001,청도김밥,잔치국수,1000,4000,변동없음,
92,2019-12,이미용업,예림미용실,이정숙,남구,봉덕로20길 18,053-471-6507,커트,,6000,,변동없음,
93,2019-12,이미용업,한아름미용실,기혜자,남구,골안길 72,053-654-9719,커트,,5000,,변동없음,
94,2019-12,이미용업,홍미용실,김동성,남구,성당로34길 42,053-653-2002,커트,,4000,,변동없음,
95,2011-11,이미용업,희망이발관,박문식,북구,구암로 21길 13 (읍내동 1379-17),053-322-4778,컷트,,8000,,변동없음,
96,2011-11,이미용업,모범이용원,백재훈,북구,옥산로17길50 (침산3동 369-2 제일@상가),053-359-1783,컷트,,8000,,변동없음,
97,2011-11,이미용업,한신이용소,이정식,북구,칠곡중앙대로77길 29 (태전2동 945),053-321-4058,컷트,,8000,,변동없음,
98,2012-06,이미용업,유성이용소,노희선,북구,검단로 117 (검단동 887-67),053-382-9289,컷트,,7000,,변동없음,
99,2012-06,이미용업,남성헤어샵,김연기,북구,태암로5길 11 (태전1동 1018-14),053-325-7048,컷트,,9000,,변동없음,
100,2012-06,한식,장터숫불,이복순,북구,공평로 135 (칠성동2가 302-95),053-423-2008,돼지갈비,,3000,,변동없음,
101,2012-06,한식,변사또숫불,장기원,북구,공평로 135 (칠성동2가 302-95),053-422-8650,돼지갈비,,3000,,변동없음,
102,2012-06,한식,김가네,김헌희,북구,유통단지로 60 (산격2동 1667),053-601-1323,칼국수,,5000,,변동없음,
103,2012-06,한식,유정식당,윤양희,북구,팔달로 41길 41-2 (노원동2가 295-18),053-351-1140,삼겹살,,6000,,변동없음,
104,2012-06,중식,상하이반점,문미옥,북구,관음동로9길 19 (관음동 1358-1),053-325-8376,짬봉,,4500,,변동없음,
105,2012-06,중식,짜장궁,곽경한,북구,칠성남로35길30-28 (칠성동2가 548-8),053-423-2937,짜장면,,4000,,변동없음,
106,2012-06,한식,늘봄숯불식당,이경자,북구,오봉로1길 51 (노원동2가 289-1),053-355-4521,돼지갈비,,9000,,변동없음,
107,2012-06,세탁업,명성세탁푸르지오,장효철,북구,침산로 153 (침산3동 269-10),053-353-1077,정장1벌,,7000,,변동없음,
108,2012-06,이미용업,시장미용실,서연순,북구,팔달로37길 12 (노원동2가 374-2),,컷트,,7000,,변동없음,
109,2012-06,이미용업,들꽃미용실,박필수,북구,침산남로 13길 38-8 (침산1동 1573),053-355-7203,컷트,,5000,,변동없음,
110,2013-12,한식,왕추,지영조,북구,대현동 9길 55 (대현동 257-15),053-959-0038,찜닭,,13000,,변동없음,
111,2019-05,중식,북경,하성웅,북구,대현동 7길 28 (대현동 109-1),053-944-8822,짜장면,,3000,,변동없음,
112,2019-10,중식,삼익반점,오일수,북구,침산로 256 (침산3동 642),053-356-1817,짜장면,,4500,,변동없음,
113,2019-10,이미용업,짚시헤어라인,이금수,북구,침산로 255 (침산3동 645-19),,컷트,,6000,,변동없음,
114,2011-10,중식,몽짬뽕,주대억,수성구,용학로30길 12(지산동),053-782-5630,자장면,,4500,,변동없음,
115,2011-10,중식,대림반점,이순기,수성구,수성로25길 72(상동),053-762-1256,짜장면,,4000,,변동없음,
116,2011-10,한식,종성식당,김현숙,수성구,동대구로77길 12(범어3동),053-756-1657,김치찌개,,5000,,변동없음,
117,2011-10,한식,맛자랑,김금희,수성구,범어로20길 95(범어4동),053-755-6508,된장찌개,,5000,,변동없음,
118,2015-05,중식,짜장집을 찾아서,정옥태,수성구,수성로 294 (수성동2가),053-764-2538,짜장면,,2500,,변동없음,
119,2012-06,한식,전주식콩나물해장국,전정옥,수성구,시지로3길 62(시지동),053-792-7028,해장국,,6000,,변동없음,
120,2012-06,한식,별미국수,장인환,수성구,범어천로 41(범어1동),053-762-3989,육국수,,5500,,500원인상,
121,2012-06,중식,동부반점,이연화,수성구,공경로 30 (만촌동),053-746-5411,자장면,,2500,,변동없음,
122,2012-06,한식,전원식당,방정순,수성구,만촌로 77 (만촌동),053-744-1479,칼국수,,4500,,변동없음,
123,2012-06,한식,우리국시,김순금,수성구,용학로42길 24 (지산동),053-781-5850,칼국수,,3000,,변동없음,
124,2012-06,이미용업,수미헤어샵,윤형유,수성구,수성로57길 34 (수성동1가),053-767-5992,여자성인커트,,8000,,변동없음,
125,2012-06,분식,동곡손칼국수,오광열,수성구,"명덕로 368, 상가109호(수성동1가, 우방한가람타운)",053-761-9764,칼국수,,4500,,변동없음,
126,2012-06,한식,부자돼지촌,이은숙,수성구,수성로53길 23(수성동1가),053-767-5735,삼겹살150g(국내산),,8000,,변동없음,
127,2013-05,이미용업,영아미용실,김영선,수성구,공경로 63(만촌동),053-743-2555,여자성인커트,,7000,,변동없음,
128,2013-05,이미용업,빨강머리컷트,정민경,수성구,만촌로 62(만촌동),053-759-4005,여자성인커트,,12000,,변동없음,
129,2013-05,한식,동피랑충무김밥,이동현,수성구,"상록로2길 77, 로타리시장86호(범어3동)",053-741-5547,충무오징어김밥,,5000,,500원인하,
130,2015-02,한식,별미칼국수,이경순,수성구,천을로 147(매호동),053-794-8159,칼국수,,5000,,변동없음,
131,2019-08,한식,어랑생선구이,최병례,수성구,동대구로59길 10 (범어동),053-754-4304,비빔밥,,4000,,변동없음,
132,2019-08,한식,수희식당,이근희,수성구,국채보상로 934 (범어동),053-754-8587,도시락 정식,,5500,,변동없음,
133,2019-08,한식,청도식당,김금희,수성구,상록로 65 (범어동),053-751-7972,칼국수,,6000,,변동없음,
134,2019-08,한식,콩부대찌개,백승희,수성구,범어로19길 50 (범어동),053-741-1226,콩나물 부대찌개,,6500,,변동없음,
135,2019-08,양식,서양식당,김희정,수성구,달구벌대로496길 72 (범어동),053-743-1254,알리오 올리브,,7900,,변동없음,
136,2019-08,한식,아름타리,이귀순,수성구,"교학로 37, 1층 (만촌동)",053-201-1666,된장찌개,,6000,,변동없음,
137,2019-08,한식,마을불고기,성일경,수성구,"달구벌대로456길 22, 1층 (수성동1가)",053-744-9616,우삼겹된장찌개,,4000,,변동없음,
138,2019-08,한식,지우(순창식육마트),송지우,수성구,수성로 318 (수성동2가),053-763-5235,점심,,6000,,변동없음,
139,2019-08,한식,정원한우갈비,김진희,수성구,범어천로 151-28 (수성동4가),053-756-3369,한우국밥,,6000,,변동없음,
140,2019-08,한식,진보리밥,최조영,수성구,"청수로 235, 종합상가203-2호(황금동, 캐슬골드파크2단지아파트)",053-767-7799,보리비빔밥,,4000,,변동없음,
141,2019-08,한식,중동국시,김순희,수성구,수성로50길 12 (중동),053-761-8788,국수,,5000,,변동없음,
142,2019-08,한식,두꺼비식당,김연옥,수성구,수성로50길 15-2 (중동),053-766-7761,김치찌개,,6000,,변동없음,
143,2019-08,한식,시골추어탕,홍정희,수성구,수성로14길 56 (상동),053-762-9980,추어탕,,7000,,변동없음,
144,2019-08,기타(외식),카페 아날로그,류의상,수성구,"파동로 120, 14동 상가19호(파동, 우방대자연맨션1차아파트)",053-762-5258,아메리카노,,1500,,변동없음,
145,2019-08,일식,부선회초밥,이창민,수성구,무학로 117 (두산동),053-762-0077,부선정식,,15000,,변동없음,
146,2019-08,한식,풍기삼계탕,이순희,수성구,들안로 58 (두산동),053-761-1398,닭계장,,7000,,변동없음,
147,2019-08,중식,산동성,조의상,수성구,지범로27길 79 (지산동),053-784-0830,짜장면,,3000,,변동없음,
148,2019-08,중식,짬뽕집,최경일,수성구,용학로33길 24 (지산동),,짜장면,,3500,,변동없음,
149,2019-08,이미용업,힐링헤어,김경남,수성구,용학로44길 35 (지산동),053-781-7272,성인여자컷,,10000,,변동없음,
150,2019-08,한식,누리찬,이옥형,수성구,용학로 169-1 (지산동),053-781-1921,비빔밥,,5000,,변동없음,
151,2019-08,한식,맛보리밥상,류경화,수성구,용학로 246 (지산동),053-784-9883,정식,,6500,,변동없음,
152,2019-08,한식,장수삼계탕,정무선,수성구,범안로16길 40 (범물동),053-784-0090,삼계탕,,11000,,변동없음,
153,2019-08,한식,장터돼지국밥,주초연,수성구,신매로16길 26 (신매동),053-794-7889,돼지국밥,,6000,,변동없음,
154,2019-08,한식,일조엄마손,남두선,수성구,신매로16길 72 (신매동),053-793-0607,된장찌개,,6000,,변동없음,
155,2019-08,한식,미담,김범준,수성구,"명덕로 452, 1층(수성동3가)",053-767-9088,비빔밥,,7000,,변동없음,
156,2019-11,한식,금풍국수,손위숙,수성구,신매로 88(신매동),,칼국수,,5000,,변동없음,
157,2019-11,한식,천사돼지국밥,정지연,수성구,신매로 16길 31(신매동),053-217-5474,돼지국밥,,7000,,변동없음,
158,2019-12,기타(외식),커피딜라이트,김재윤,수성구,"파동로 120, 14동 상가 커피딜라이트(파동, 우방대자연맨션1차아파트)",070-7717-7171,아메리카노,,2400,,변동없음,
159,2019-12,분식,전국시대분식,남정은,수성구,"파동로 120, 14동 상가 전국시대분식(파동, 우방대자연맨션1차아파트)",053-764-8892,떡볶이,,2500,,변동없음,
160,2019-12,한식,밀밭식당,김소원,수성구,"파동로 120, 14동 상가 밀밭식당(파동, 우방대자연맨션1차아파트)",053-765-3992,추어탕,,7000,,변동없음,
161,2019-12,한식,의성식당,박종희,수성구,"파동로 120, 14동 상가 의성식당(파동, 우방대자연맨션1차아파트)",053-761-8113,돼지국밥,,6000,,변동없음,
162,2019-12,한식,부산식당,김정희,수성구,"파동로 120, 14동 상가 부산식당(파동, 우방대자연맨션1차아파트)",053-765-5619,칼국수,,5000,,변동없음,
163,2011-10,한식,365먹골촌,안을임,달서구,파도고개로30길 2(두류동 88-8),053-622-0222,"돼지갈비(독일산, 250g)",,6000,,변동없음,
164,2012-06,한식,시골밥상,양명화,달서구,야외음악당로47길 112 (두류동 137-7),053-628-2323,칼국수,,4000,,변동없음,
165,2012-06,일식,돌섬회타운,이경희,달서구,달구벌대로 1732-4(두류동 488-9),053-622-4589,생선초밥,,7000,,변동없음,
166,2012-06,한식,가야산식당(숯불갈비),김선임,달서구,두류공원로50길 17(두류동 141-1),053-624-1348,김치찌개,,4000,,변동없음,
167,2012-06,한식,아름식당,김영희,달서구,파도고개로 198(두류동 1249-19),053-622-5556,칼국수,,5000,,변동없음,
168,2012-06,한식,현대식당,김상이,달서구,대명천로 148(본리동 145-1),053-554-6401,칼국수,,4500,,변동없음,
169,2012-06,한식,김밥매니아,송춘녀,달서구,성지로 84(용산동 446-2),053-583-1478,된장찌개,,4500,,변동없음,
170,2012-06,한식,명동돈까스,이종영,달서구,선원로14길 21(신당동 1761-16),053-585-3303,돈까스,,5000,,변동없음,
171,2012-06,한식,박가네돈까스,박순희,달서구,"월성로 77, 나동상가 110호(월성동 86 주공2 나동상가 110호)",053-636-1286,돈까스,,6000,,변동없음,
172,2012-06,한식,밥묵고고기묵고,김재순,달서구,월배로14길 11(진천동 626-25),070-8196-8188,칼국수,,5000,,변동없음,
173,2012-06,이미용업,다사랑헤어,백영애,달서구,"상인서로76,107/113 (상인동, 영남화성타운)",,파마,,20000,,변동없음,
174,2012-06,한식,착한멸치바지락칼국수,허영기,달서구,와룡로 22(본동 959-1),053-563-3650,칼국수,,4500,,변동없음,
175,2012-06,한식,꿀꿀이통돼지 왕소금구이,구수정,달서구,구마로12길 36(본동 719-2),053-586-2900,삼겹살(국내산 130g),,9000,,변동없음,
176,2011-10,중식,천안문,이선희,달서구,두류공원로 128(성당동 118-11),053-621-9663,자장면,,2500,,변동없음,
177,2012-06,중식,차이차이,김경민,달서구,야외음악당로39길 51 (두류동 613-8),053-628-2783,자장면,,3500,,변동없음,
178,2012-06,한식,멋쟁이배추,박찬규,달서구,성서서로75길 19(신당동 1757),053-583-4499,갈비탕,,7000,,변동없음,
179,2012-06,중식,삼성관,이상진,달서구,진천로8길 7(진천동 490-11),053-635-3553,자장면,,3500,,변동없음,
180,2012-06,중식,우당탕반점,유승락,달서구,월배로34길 48(상인동 343-4),053-636-3688,자장면,,4000,,변동없음,
181,2011-10,중식,홍화성,임복선,달서구,송현로 103(송현동 1029-1),053-636-9033,자장면,,3000,,변동없음,
182,2012-06,이미용업,신광이용소,박헌환,달서구,구마로39길 30(성당동 824-63),053-624-3953,성인남성 커트,,9000,,변동없음,
183,2012-06,이미용업,수헤어,배순철,달서구,당산동길 45(성당동 708-27),053-526-2648,커트,,8000,,변동없음,
184,2012-06,이미용업,수미미용실,오명숙,달서구,야외음악당로9길 37 (성당동 420-2 46호),053-656-6053,커트,,8000,,변동없음,
185,2011-10,이미용업,신라미장,이경희,달서구,새동네로 34(용산동 410-2),053-584-2405,커트,,8000,,변동없음,
186,2011-10,이미용업,이경화헤어샵,이영숙,달서구,선원로14길 56(신당동 1765-4),053-582-0359,커트,,8000,,변동없음,
187,2012-06,이미용업,내담미용실,박종향,달서구,상화로29길 48(진천동 195-10),053-634-3339,커트,,8000,,변동없음,
188,2012-06,한식,가야산식육식당,이창길,달서구,송현로 178-1(송현동 534-1),053-656-6166,된장찌개,,4000,,변동없음,
189,2012-06,목욕업,청하탕,박지현,달서구,진천로 21(진천동 482-29),053-633-1888,"목욕료(남,여)",,4500,,변동없음,
190,2012-06,목욕업,록천목욕탕,장인숙,달서구,월배로24길 66(진천동 258-3),053-633-5145,"목욕료(남,여)",,4000,,변동없음,
191,2013-05,일식,강구회,배기석,달서구,용산로 59(장기동 818-5),053-555-3396,회초밥,,7000,,변동없음,
192,2013-05,중식,영화반점,강정석,달서구,선원로37남길 20(이곡동 1356-8),053-592-9166,자장면,,3000,,변동없음,
193,2013-05,중식,동보성반점,전미순,달서구,월배로 422(송현동 207-12),053-652-1800,자장면,,4000,,변동없음,
194,2013-05,중식,금화루,김재숙,달서구,성지로14안길 12(용산동 455-6),053-586-5863,자장면,,3000,,변동없음,
195,2013-05,한식,평사리가는길,송규견,달서구,대명천로 50(성당동 344),053-624-2645,칼국수,,4700,,변동없음,
196,2011-10,한식,까치골숯불촌,서효동,달서구,파도고개로 225(두류동 108-12),053-655-0445,"돼지갈비(국내산,180g)",,6000,,변동없음,
197,2015-06,한식,그곳에가면손칼국수,이옥연,달서구,새동네로13길 27(용산동 421-29),053-585-3116,잔치국수,,4000,,변동없음,
198,2015-06,세탁업,세탁일번가,송경아,달서구,선원로 87(이곡동 1186-13),053-588-2820,정장1벌,,4000,,변동없음,
199,2015-06,중식,오특,최만국,달서구,선원로 61-1(신당동 1695-18),053-586-0881,자장면,,4000,,변동없음,
200,2015-06,중식,중화반점 차오,도재섭,달서구,계대동문로3안길 26 (신당동 1697-22),053-587-2299,자장면,,3500,,변동없음,
201,2015-06,중식,북경반점,홍기연,달서구,와룡로10길 58 (본동 783-4),053-552-6667,자장면,,3000,,변동없음,
202,2015-06,한식,국시애,한종순,달서구,월곡로32길 32 (상인동 1565-6),053-634-2992,칼국수,,5000,,변동없음,
203,2015-06,한식,나리숯불갈비,주미화,달서구,구마로53길 24 (성당동 223-5),053-623-6119,돼지갈비(국내산200g),,6000,,변동없음,
204,2015-06,한식,국수내가한다,김경선,달서구,대명천로 36 (성당동 300-1),053-241-2850,칼국수,,4500,,변동없음,
205,2015-06,중식,짬뽕의전설 따거,이은희,달서구,상인서로 85 (상인동 1514),053-639-2783,자장면,,3000,,변동없음,
206,2015-06,한식,밀밭손국시,이인숙,달서구,대명천로 42-1 (성당동 309),053-627-7333,손칼국수,,5000,,변동없음,
207,2016-10,양식,카보드,서춘교,달서구,송현동길 101(송현동 581-4),,아메리카노,,2000,,변동없음,
208,2017-09,한식,백년마실,이명숙,달서구,선원로14길 58 (신당동 1765-5),053-625-3797,잔치국수,,4000,,변동없음,
209,2017-09,한식,오복식당,배해숙,달서구,서당로7길 7 (신당동 1810),053-582-9223,김치찌개,,6000,,변동없음,
210,2017-09,한식,죽도생아구찜,김강민,달서구,상인서로10길 32 (상인동 1538-1),053-643-4888,아구찜,,30000,,변동없음,
211,2017-09,이미용업,샬롬헤어,허미화,달서구,"상인서로76,107/111 (상인동, 영남화성타운)",053-639-2486,커트,,7000,,변동없음,
212,2017-09,한식,25시국수,안경숙,달서구,선원로34 (신당동 1745),053-587-3331,잔치국수,,3500,,변동없음,
213,2017-09,한식,웃는돈지국수가,이지현,달서구,월배로14길 35 (진천동 628-29),053-636-3011,칼국수,,4000,,변동없음,
214,2018-07,한식,별미국수,김정희,달서구,달구벌대로260길 19 (이곡동 661-9),053-585-1123,칼국수,,5000,,변동없음,
215,2018-07,한식,종로빈대떡,오귀연,달서구,월배로28길17 (진천동 117-6),053-634-8515,손수제비,,4000,,변동없음,
216,2019-08,이미용업,굿미용실,이영철,달서구,한실로45(도원동) 8단지상가 110호,053-637-3719,커트,,8000,,변동없음,
217,2019-08,기타,엠트리,문경서,달서구,상인로26길 10 (상인동 1532),053-633-6888,아메리카노,,2000,,변동없음,
218,2019-08,한식,한양푼이 닭개장 국수 추어탕,한영순,달서구,월곡로32길 34 (상인동 1565-5),053-632-5858,닭개장,,6000,,변동없음,
219,2019-08,한식,중앙분식,시미연,달서구,상원로 22-17(상인동) 대동시장내,053-633-3518,칼국수,,4500,,변동없음,
220,2019-08,이미용업,다온헤어,고경빈,달서구,서당로 69-1 (신당동 1734-1),,커트,,8000,,변동없음,
221,2019-08,이미용업,서울미용실,이이자,달서구,달구벌대로 260길 20 (이곡동 661-20),,커트,,7000,,변동없음,
222,2019-08,일식,백두산식당,김일순,달서구,성서로 440-1 (이곡동 1227-9),053-591-2020,회덮밥,,8000,,변동없음,
223,2019-08,한식,신박칼국수,신봉애,달서구,선원로23길 17 (이곡동 1316-14),053-202-5292,잔치국수,,4000,,변동없음,
224,2019-08,한식,쌀맛난다,김상훈외 1명,달서구,선원로23남길 3 (이곡동 1310-8),053-291-6184,돈까스,,6000,,변동없음,
225,2019-08,한식,웅이네,김윤권,달서구,조암남로16길 30 (월성동 1139-1),070-7535-8282,김치찜,,6000,,변동없음,
226,2019-08,한식,성원푸드,김수정,달서구,문화회관5길 2 (장기동 628-4),053-588-1147,한식정식(뷔페),,5500,,변동없음,
227,2019-08,한식,국수둥지,이인창,달서구,월배로15길 10 (진천동 595-23),053-636-0207,잔치국수,,4000,,변동없음,
228,2019-08,중식,보배루,이슬기,달서구,당산로38길 17 (두류동 495-37),053-656-1002,짜장면(부추면),,3000,,변동없음,
229,2019-08,이미용업,Kim's 헤어샵,김춘한,달서구,월배로69길 63 (송현동 1909-3),053-627-8860,커트,,8000,,변동없음,
230,2011-11,이미용업,강변이용소,박노득,달성군,달성군 현풍읍 현풍로 56,053-611-8730,남성컷트,,11000,,변동없음,
231,2011-11,이미용업,명호이용소,유명호,달성군,달성군 현풍읍 현풍로 80,053-616-0061,남성컷트,,11000,,변동없음,달성군 관내 사업장 소재지 변경
232,2011-11,이미용업,윤정헤어,추효심,달성군,달성군 다사읍 서재로 30길 6-3,053-586-4790,컷트,,12000,,변동없음,
233,2012-06,한식,동곡윤송손칼국수,조재희,달성군,달성군 하빈면 달구벌대로55길 87-2,053-583-6396,칼국수,,5000,,변동없음,
234,2012-06,한식,서순자손수제비,윤기원,달성군,달성군 화원읍 비슬로 516길 54,053-637-1606,칼국수,,4000,,변동없음,
235,2012-06,이미용업,수원미용타운,안인숙,달성군,달성군 화원읍 성화로6길 22,053-643-0782,컷트,,10000,,변동없음,
236,2012-06,한식,순해집손칼국수,김미옥,달성군,달성군 화원읍 사문진로 425,053-638-9255,칼국수,,4000,,변동없음,
237,2012-06,이미용업,이영희헤어샵,이영희,달성군,"달성군 화원읍 명천로 241, 2층 207호",053-633-5158,컷트,,10000,,변동없음,
238,2012-06,목욕업,장수목욕탕,김태돌,달성군,달성군 다사읍 달구벌대로 860,053-588-4188,목욕탕(남),목욕탕(여),5000,4800,변동없음,
239,2012-06,한식,정아국밥,정곡자,달성군,"달성군 화원읍 비슬로 512길 58-5, 110호",,잔치국수,,4000,,변동없음,
240,2013-12,목욕업,선샤인사우나,이태현,달성군,달성군 다사읍 대실역북로2길 8-6,053-587-0035,목욕탕(남),목욕탕(여),6500,6000,변동없음,
241,2013-12,한식,이놈애양곱창,최설봄,달성군,달성군 다사읍 다사로 7,053-588-7419,모듬메뉴,,19000,,변동없음,
242,2013-05,한식,고구려,나윤덕,달성군,달성군 화원읍 명천로 244,053-639-6766,돼지갈비 200g,,9000,,변동없음,
243,2013-05,한식,대명숯불갈비,한경순,달성군,달성군 논공읍 금강로2길 19-2,053-615-8668,비빔밥,,5000,,변동없음,
244,2013-05,한식,별난집삼겹살,김영보,달성군,달성군 화원읍 명천로 250,053-636-1960,삼겹살180g,,7500,,변동없음,
245,2018-01,중식,옛날그맛 짜장면,강영옥,달성군,달성군 화원읍 화원로1길 45-29,053-985-5888,짜장면,,2000,,변동없음,
246,2018-01,한식,호야네착한국수,이영아,달성군,"달성군 화원읍 비슬로512길 66, 104호",053-638-6913,팥칼국수,,6000,,변동없음,
247,2018-10,한식,웰빙 보리밥,김연자,달성군,"달성군 화원읍 비슬로512길 66, 106호",053-637-2752,보리밥,,6000,,변동없음,
248,2018-10,이미용업,헤어일번지,이말희,달성군,"달성군 화원읍 비슬로512길 66, 108호",,컷트,,7000,,변동없음,
249,2019-10,한식,유가국수,김미정,달성군,"달성군 유가읍 테크노중앙대로 240, 107호",053-288-8400,잔치국수,,4000,,변동없음,
250,2019-10,한식,김밥 면 맛나분식,문미선,달성군,"달성군 유가읍 테크노상업로 120, 134호(엠스퀘어플러스)",053-611-5420,김밥,,2000,,변동없음,
